SignID,SchoolName,StreetID
872,KING EDWARD COMMUNITY SCHOOL,5
873,KING EDWARD COMMUNITY SCHOOL,5
874,KING EDWARD COMMUNITY SCHOOL,5
875,KING EDWARD COMMUNITY SCHOOL,5
876,KING EDWARD COMMUNITY SCHOOL,5
1639,KING EDWARD COMMUNITY SCHOOL,5
2096,BEAVERLODGE SCHOOL,12
800,JOHN M. KING SCHOOL,32
1677,JOHN M. KING SCHOOL,32
1678,JOHN M. KING SCHOOL,32
1679,JOHN M. KING SCHOOL,32
1680,JOHN M. KING SCHOOL,32
1681,JOHN M. KING SCHOOL,32
360,DUFFERIN SCHOOL,62
1966,DUFFERIN SCHOOL,62
1967,DUFFERIN SCHOOL,62
1968,DUFFERIN SCHOOL,62
1973,DUFFERIN SCHOOL,62
98,PINKHAM SCHOOL,62
99,PINKHAM SCHOOL,62
1079,PINKHAM SCHOOL,62
1080,PINKHAM SCHOOL,62
1081,PINKHAM SCHOOL,62
1082,PINKHAM SCHOOL,62
222,WESTON SCHOOL,62
223,WESTON SCHOOL,62
497,WESTON SCHOOL,62
498,WESTON SCHOOL,62
499,WESTON SCHOOL,62
500,WESTON SCHOOL,62
251,STRATHCONA SCHOOL,63
581,STRATHCONA SCHOOL,63
582,STRATHCONA SCHOOL,63
585,STRATHCONA SCHOOL,63
586,STRATHCONA SCHOOL,63
596,STRATHCONA SCHOOL,63
70,RALPH BROWN SCHOOL,115
979,RALPH BROWN SCHOOL,115
986,RALPH BROWN SCHOOL,115
987,RALPH BROWN SCHOOL,115
988,RALPH BROWN SCHOOL,115
994,RALPH BROWN SCHOOL,115
241,VALLEY GARDENS MIDDLE SCHOOL,125
558,VALLEY GARDENS MIDDLE SCHOOL,125
559,VALLEY GARDENS MIDDLE SCHOOL,125
359,EARL GREY SCHOOL,144
1952,EARL GREY SCHOOL,144
1953,EARL GREY SCHOOL,144
1957,EARL GREY SCHOOL,144
1958,EARL GREY SCHOOL,144
1959,EARL GREY SCHOOL,144
778,ATHLONE SCHOOL,204
779,ATHLONE SCHOOL,204
2129,ATHLONE SCHOOL,204
2130,ATHLONE SCHOOL,204
2131,ATHLONE SCHOOL,204
2132,ATHLONE SCHOOL,204
760,BRUCE MIDDLE SCHOOL,204
761,BRUCE MIDDLE SCHOOL,204
2074,BRUCE MIDDLE SCHOOL,204
2075,BRUCE MIDDLE SCHOOL,204
2076,BRUCE MIDDLE SCHOOL,204
2077,BRUCE MIDDLE SCHOOL,204
326,FRONTENAC SCHOOL,227
327,FRONTENAC SCHOOL,227
1392,FRONTENAC SCHOOL,227
1393,FRONTENAC SCHOOL,227
1394,FRONTENAC SCHOOL,227
1395,FRONTENAC SCHOOL,227
775,BAIRDMORE SCHOOL,246
2117,BAIRDMORE SCHOOL,246
2119,BAIRDMORE SCHOOL,246
2120,BAIRDMORE SCHOOL,246
2124,BAIRDMORE SCHOOL,246
2125,BAIRDMORE SCHOOL,246
197,GREENWAY SCHOOL,270
1304,GREENWAY SCHOOL,270
1306,GREENWAY SCHOOL,270
1832,GREENWAY SCHOOL,270
1833,GREENWAY SCHOOL,270
1834,GREENWAY SCHOOL,270
2171,RIVER WEST PARK SCHOOL,283
2172,RIVER WEST PARK SCHOOL,283
2173,RIVER WEST PARK SCHOOL,283
2174,RIVER WEST PARK SCHOOL,283
808,ISAAC BROCK SCHOOL,291
1716,ISAAC BROCK SCHOOL,291
1717,ISAAC BROCK SCHOOL,291
1718,ISAAC BROCK SCHOOL,291
301,RIVERVIEW SCHOOL,297
303,RIVERVIEW SCHOOL,297
939,RIVERVIEW SCHOOL,297
940,RIVERVIEW SCHOOL,297
943,RIVERVIEW SCHOOL,297
944,RIVERVIEW SCHOOL,297
322,GENERAL BYNG SCHOOL,341
323,GENERAL BYNG SCHOOL,341
1384,GENERAL BYNG SCHOOL,341
1385,GENERAL BYNG SCHOOL,341
1386,GENERAL BYNG SCHOOL,341
1387,GENERAL BYNG SCHOOL,341
293,SHAMROCK SCHOOL,347
294,SHAMROCK SCHOOL,347
716,SHAMROCK SCHOOL,347
717,SHAMROCK SCHOOL,347
718,SHAMROCK SCHOOL,347
719,SHAMROCK SCHOOL,347
163,LAVALLEE SCHOOL,366
1279,LAVALLEE SCHOOL,366
2225,LAVALLEE SCHOOL,366
2226,LAVALLEE SCHOOL,366
2275,LAVALLEE SCHOOL,366
236,VICTOR MAGER SCHOOL,366
237,VICTOR MAGER SCHOOL,366
546,VICTOR MAGER SCHOOL,366
547,VICTOR MAGER SCHOOL,366
548,VICTOR MAGER SCHOOL,366
549,VICTOR MAGER SCHOOL,366
1283,LAVALLEE SCHOOL,367
1284,LAVALLEE SCHOOL,367
1234,LORD ROBERTS COMMUNITY SCHOOL,388
1235,LORD ROBERTS COMMUNITY SCHOOL,388
1236,LORD ROBERTS COMMUNITY SCHOOL,388
1243,LORD ROBERTS COMMUNITY SCHOOL,388
1244,LORD ROBERTS COMMUNITY SCHOOL,388
1245,LORD ROBERTS COMMUNITY SCHOOL,388
599,STEVENSON SCHOOL,400
602,STEVENSON SCHOOL,400
603,STEVENSON SCHOOL,400
604,STEVENSON SCHOOL,400
605,STEVENSON SCHOOL,400
606,STEVENSON SCHOOL,400
767,BEAUMONT SCHOOL,415
768,BEAUMONT SCHOOL,415
2107,BEAUMONT SCHOOL,415
2108,BEAUMONT SCHOOL,415
2109,BEAUMONT SCHOOL,415
2110,BEAUMONT SCHOOL,415
231,WELLINGTON SCHOOL,416
515,WELLINGTON SCHOOL,416
516,WELLINGTON SCHOOL,416
517,WELLINGTON SCHOOL,416
518,WELLINGTON SCHOOL,416
519,WELLINGTON SCHOOL,416
1115,NORDALE SCHOOL,435
1116,NORDALE SCHOOL,435
1117,NORDALE SCHOOL,435
306,GLENWOOD SCHOOL,470
307,GLENWOOD SCHOOL,470
1329,GLENWOOD SCHOOL,470
1330,GLENWOOD SCHOOL,470
1331,GLENWOOD SCHOOL,470
1332,GLENWOOD SCHOOL,470
758,BRUCE MIDDLE SCHOOL,508
759,BRUCE MIDDLE SCHOOL,508
2070,BRUCE MIDDLE SCHOOL,508
2071,BRUCE MIDDLE SCHOOL,508
2072,BRUCE MIDDLE SCHOOL,508
2073,BRUCE MIDDLE SCHOOL,508
148,LORD SELKIRK SCHOOL,557
149,LORD SELKIRK SCHOOL,557
150,LORD SELKIRK SCHOOL,557
1229,LORD SELKIRK SCHOOL,557
1230,LORD SELKIRK SCHOOL,557
1231,LORD SELKIRK SCHOOL,557
1052,PRINCE EDWARD SCHOOL,557
1053,PRINCE EDWARD SCHOOL,557
1054,PRINCE EDWARD SCHOOL,557
1055,PRINCE EDWARD SCHOOL,557
1056,PRINCE EDWARD SCHOOL,557
79,QUEENSTON SCHOOL,613
81,QUEENSTON SCHOOL,613
1015,QUEENSTON SCHOOL,613
1016,QUEENSTON SCHOOL,613
1019,QUEENSTON SCHOOL,613
1020,QUEENSTON SCHOOL,613
503,WESTGROVE SCHOOL,635
203,GOLDEN GATE MIDDLE SCHOOL,638
204,GOLDEN GATE MIDDLE SCHOOL,638
1319,GOLDEN GATE MIDDLE SCHOOL,638
1320,GOLDEN GATE MIDDLE SCHOOL,638
1321,GOLDEN GATE MIDDLE SCHOOL,638
1322,GOLDEN GATE MIDDLE SCHOOL,638
155,LINWOOD SCHOOL,638
1256,LINWOOD SCHOOL,638
1257,LINWOOD SCHOOL,638
1258,LINWOOD SCHOOL,638
1259,LINWOOD SCHOOL,638
1260,LINWOOD SCHOOL,638
248,STRATHMILLAN SCHOOL,638
573,STRATHMILLAN SCHOOL,638
575,STRATHMILLAN SCHOOL,638
576,STRATHMILLAN SCHOOL,638
577,STRATHMILLAN SCHOOL,638
1,BUCHANAN SCHOOL,647
2,BUCHANAN SCHOOL,647
3,BUCHANAN SCHOOL,647
4,BUCHANAN SCHOOL,647
754,BUCHANAN SCHOOL,647
756,BUCHANAN SCHOOL,647
2059,BUCHANAN SCHOOL,647
2060,BUCHANAN SCHOOL,647
2061,BUCHANAN SCHOOL,647
2062,BUCHANAN SCHOOL,647
2064,BUCHANAN SCHOOL,647
2065,BUCHANAN SCHOOL,647
181,SAMUEL BURLAND SCHOOL,670
182,SAMUEL BURLAND SCHOOL,670
891,SAMUEL BURLAND SCHOOL,670
892,SAMUEL BURLAND SCHOOL,670
893,SAMUEL BURLAND SCHOOL,670
894,SAMUEL BURLAND SCHOOL,670
1303,GREENWAY SCHOOL,674
1307,GREENWAY SCHOOL,674
1308,GREENWAY SCHOOL,674
1831,GREENWAY SCHOOL,674
1835,GREENWAY SCHOOL,674
1836,GREENWAY SCHOOL,674
324,GARDEN GROVE SCHOOL,684
325,GARDEN GROVE SCHOOL,684
1388,GARDEN GROVE SCHOOL,684
1389,GARDEN GROVE SCHOOL,684
1390,GARDEN GROVE SCHOOL,684
1391,GARDEN GROVE SCHOOL,684
253,STRATHCONA SCHOOL,684
578,STRATHCONA SCHOOL,684
579,STRATHCONA SCHOOL,684
587,STRATHCONA SCHOOL,684
588,STRATHCONA SCHOOL,684
589,STRATHCONA SCHOOL,684
590,STRATHCONA SCHOOL,684
591,STRATHCONA SCHOOL,684
592,STRATHCONA SCHOOL,684
593,STRATHCONA SCHOOL,684
594,STRATHCONA SCHOOL,684
595,STRATHCONA SCHOOL,684
1969,DUFFERIN SCHOOL,687
1970,DUFFERIN SCHOOL,687
1971,DUFFERIN SCHOOL,687
1972,DUFFERIN SCHOOL,687
5,WOLSELEY SCHOOL,723
7,WOLSELEY SCHOOL,723
372,WOLSELEY SCHOOL,723
376,WOLSELEY SCHOOL,723
377,WOLSELEY SCHOOL,723
308,GLENELM SCHOOL,764
309,GLENELM SCHOOL,764
1335,GLENELM SCHOOL,764
1336,GLENELM SCHOOL,764
1337,GLENELM SCHOOL,764
1338,GLENELM SCHOOL,764
748,CARPATHIA SCHOOL,771
749,CARPATHIA SCHOOL,771
2044,CARPATHIA SCHOOL,771
2045,CARPATHIA SCHOOL,771
2046,CARPATHIA SCHOOL,771
2047,CARPATHIA SCHOOL,771
302,RIVERVIEW SCHOOL,788
305,RIVERVIEW SCHOOL,788
941,RIVERVIEW SCHOOL,788
942,RIVERVIEW SCHOOL,788
947,RIVERVIEW SCHOOL,788
948,RIVERVIEW SCHOOL,788
1364,GEORGE V SCHOOL,793
102,PACIFIC JUNCTION SCHOOL,801
1087,PACIFIC JUNCTION SCHOOL,801
1088,PACIFIC JUNCTION SCHOOL,801
1089,PACIFIC JUNCTION SCHOOL,801
1090,PACIFIC JUNCTION SCHOOL,801
1091,PACIFIC JUNCTION SCHOOL,801
1887,CECIL RHODES SCHOOL,812
1888,CECIL RHODES SCHOOL,812
1889,CECIL RHODES SCHOOL,812
1896,CECIL RHODES SCHOOL,812
1897,CECIL RHODES SCHOOL,812
1898,CECIL RHODES SCHOOL,812
315,GEORGE V SCHOOL,834
316,GEORGE V SCHOOL,834
1351,GEORGE V SCHOOL,834
1352,GEORGE V SCHOOL,834
1353,GEORGE V SCHOOL,834
466,CHANCELLOR ELEMENTARY,839
1874,CHANCELLOR ELEMENTARY,839
1875,CHANCELLOR ELEMENTARY,839
1876,CHANCELLOR ELEMENTARY,839
1877,CHANCELLOR ELEMENTARY,839
1878,CHANCELLOR ELEMENTARY,839
73,R.H.G. BONNYCASTLE SCHOOL,839
74,R.H.G. BONNYCASTLE SCHOOL,839
75,R.H.G. BONNYCASTLE SCHOOL,839
76,R.H.G. BONNYCASTLE SCHOOL,839
1002,R.H.G. BONNYCASTLE SCHOOL,839
1003,R.H.G. BONNYCASTLE SCHOOL,839
1004,R.H.G. BONNYCASTLE SCHOOL,839
1005,R.H.G. BONNYCASTLE SCHOOL,839
1006,R.H.G. BONNYCASTLE SCHOOL,839
1007,R.H.G. BONNYCASTLE SCHOOL,839
1008,R.H.G. BONNYCASTLE SCHOOL,839
139,MACHRAY SCHOOL,853
1203,MACHRAY SCHOOL,853
1206,MACHRAY SCHOOL,853
1207,MACHRAY SCHOOL,853
1209,MACHRAY SCHOOL,853
1210,MACHRAY SCHOOL,853
89,PRAIRIE ROSE ELEMENTARY SCHOOL,892
90,PRAIRIE ROSE ELEMENTARY SCHOOL,892
1057,PRAIRIE ROSE ELEMENTARY SCHOOL,892
1059,PRAIRIE ROSE ELEMENTARY SCHOOL,892
1060,PRAIRIE ROSE ELEMENTARY SCHOOL,892
290,SHAUGHNESSY PARK SCHOOL,903
706,SHAUGHNESSY PARK SCHOOL,903
709,SHAUGHNESSY PARK SCHOOL,903
710,SHAUGHNESSY PARK SCHOOL,903
711,SHAUGHNESSY PARK SCHOOL,903
712,SHAUGHNESSY PARK SCHOOL,903
469,CHAMPLAIN SCHOOL,904
470,CHAMPLAIN SCHOOL,904
1883,CHAMPLAIN SCHOOL,904
1884,CHAMPLAIN SCHOOL,904
1885,CHAMPLAIN SCHOOL,904
983,RALPH BROWN SCHOOL,904
984,RALPH BROWN SCHOOL,904
985,RALPH BROWN SCHOOL,904
989,RALPH BROWN SCHOOL,904
990,RALPH BROWN SCHOOL,904
991,RALPH BROWN SCHOOL,904
766,BEAUMONT SCHOOL,912
2103,BEAUMONT SCHOOL,912
2104,BEAUMONT SCHOOL,912
2105,BEAUMONT SCHOOL,912
2106,BEAUMONT SCHOOL,912
453,CLIFTON SCHOOL,932
1844,CLIFTON SCHOOL,932
1845,CLIFTON SCHOOL,932
1846,CLIFTON SCHOOL,932
1847,CLIFTON SCHOOL,932
1848,CLIFTON SCHOOL,932
811,ISAAC BROCK SCHOOL,932
1723,ISAAC BROCK SCHOOL,932
1724,ISAAC BROCK SCHOOL,932
1725,ISAAC BROCK SCHOOL,932
1726,ISAAC BROCK SCHOOL,932
1727,ISAAC BROCK SCHOOL,932
6,WOLSELEY SCHOOL,932
373,WOLSELEY SCHOOL,932
374,WOLSELEY SCHOOL,932
375,WOLSELEY SCHOOL,932
358,EARL GREY SCHOOL,946
1950,EARL GREY SCHOOL,946
1951,EARL GREY SCHOOL,946
1963,EARL GREY SCHOOL,946
1964,EARL GREY SCHOOL,946
1965,EARL GREY SCHOOL,946
138,MACHRAY SCHOOL,962
140,MACHRAY SCHOOL,962
1204,MACHRAY SCHOOL,962
1205,MACHRAY SCHOOL,962
1208,MACHRAY SCHOOL,962
212,WHYTE RIDGE ELEMENTARY,971
213,WHYTE RIDGE ELEMENTARY,971
421,WHYTE RIDGE ELEMENTARY,971
422,WHYTE RIDGE ELEMENTARY,971
423,WHYTE RIDGE ELEMENTARY,971
1188,MARGARET PARK SCHOOL,1021
1189,MARGARET PARK SCHOOL,1021
1190,MARGARET PARK SCHOOL,1021
1191,MARGARET PARK SCHOOL,1021
450,COLLICUTT SCHOOL,1037
1838,COLLICUTT SCHOOL,1037
1839,COLLICUTT SCHOOL,1037
393,WINDSOR SCHOOL,1100
394,WINDSOR SCHOOL,1100
395,WINDSOR SCHOOL,1100
396,WINDSOR SCHOOL,1100
397,WINDSOR SCHOOL,1100
398,WINDSOR SCHOOL,1100
451,COLLICUTT SCHOOL,1115
452,COLLICUTT SCHOOL,1115
1840,COLLICUTT SCHOOL,1115
1841,COLLICUTT SCHOOL,1115
1842,COLLICUTT SCHOOL,1115
1843,COLLICUTT SCHOOL,1115
743,DALHOUSIE SCHOOL,1124
744,DALHOUSIE SCHOOL,1124
2016,DALHOUSIE SCHOOL,1124
2017,DALHOUSIE SCHOOL,1124
2018,DALHOUSIE SCHOOL,1124
2019,DALHOUSIE SCHOOL,1124
2020,DALHOUSIE SCHOOL,1124
2021,DALHOUSIE SCHOOL,1124
2022,DALHOUSIE SCHOOL,1124
190,RYERSON ELEMENTARY,1124
911,RYERSON ELEMENTARY,1124
912,RYERSON ELEMENTARY,1124
913,RYERSON ELEMENTARY,1124
914,RYERSON ELEMENTARY,1124
915,RYERSON ELEMENTARY,1124
151,LORD ROBERTS COMMUNITY SCHOOL,1132
153,LORD ROBERTS COMMUNITY SCHOOL,1132
1232,LORD ROBERTS COMMUNITY SCHOOL,1132
1233,LORD ROBERTS COMMUNITY SCHOOL,1132
1239,LORD ROBERTS COMMUNITY SCHOOL,1132
1240,LORD ROBERTS COMMUNITY SCHOOL,1132
319,GENERAL BYNG SCHOOL,1141
320,GENERAL BYNG SCHOOL,1141
1376,GENERAL BYNG SCHOOL,1141
1377,GENERAL BYNG SCHOOL,1141
1378,GENERAL BYNG SCHOOL,1141
1379,GENERAL BYNG SCHOOL,1141
742,DARWIN SCHOOL,1148
2012,DARWIN SCHOOL,1148
2013,DARWIN SCHOOL,1148
2014,DARWIN SCHOOL,1148
2015,DARWIN SCHOOL,1148
285,SISTER MACNAMARA SCHOOL,1179
697,SISTER MACNAMARA SCHOOL,1179
698,SISTER MACNAMARA SCHOOL,1179
699,SISTER MACNAMARA SCHOOL,1179
205,GLENWOOD SCHOOL,1222
206,GLENWOOD SCHOOL,1222
1325,GLENWOOD SCHOOL,1222
1326,GLENWOOD SCHOOL,1222
1327,GLENWOOD SCHOOL,1222
1328,GLENWOOD SCHOOL,1222
178,SARGENT PARK SCHOOL,1263
179,SARGENT PARK SCHOOL,1263
882,SARGENT PARK SCHOOL,1263
883,SARGENT PARK SCHOOL,1263
884,SARGENT PARK SCHOOL,1263
885,SARGENT PARK SCHOOL,1263
974,RALPH MAYBANK SCHOOL,1273
975,RALPH MAYBANK SCHOOL,1273
976,RALPH MAYBANK SCHOOL,1273
977,RALPH MAYBANK SCHOOL,1273
978,RALPH MAYBANK SCHOOL,1273
364,DONWOOD SCHOOL,1276
365,DONWOOD SCHOOL,1276
1984,DONWOOD SCHOOL,1276
1985,DONWOOD SCHOOL,1276
1986,DONWOOD SCHOOL,1276
1987,DONWOOD SCHOOL,1276
1696,JAMES NISBET COMMUNITY SCHOOL,1283
1698,JAMES NISBET COMMUNITY SCHOOL,1283
1699,JAMES NISBET COMMUNITY SCHOOL,1283
1700,JAMES NISBET COMMUNITY SCHOOL,1283
1701,JAMES NISBET COMMUNITY SCHOOL,1283
177,SARGENT PARK SCHOOL,1298
880,SARGENT PARK SCHOOL,1298
833,HARROW SCHOOL,1403
834,HARROW SCHOOL,1403
1792,HARROW SCHOOL,1403
1793,HARROW SCHOOL,1403
1794,HARROW SCHOOL,1403
1795,HARROW SCHOOL,1403
1890,CECIL RHODES SCHOOL,1443
1891,CECIL RHODES SCHOOL,1443
1892,CECIL RHODES SCHOOL,1443
2037,CECIL RHODES SCHOOL,1443
2038,CECIL RHODES SCHOOL,1443
2039,CECIL RHODES SCHOOL,1443
123,MONTROSE SCHOOL,1455
124,MONTROSE SCHOOL,1455
1154,MONTROSE SCHOOL,1455
1155,MONTROSE SCHOOL,1455
1156,MONTROSE SCHOOL,1455
1157,MONTROSE SCHOOL,1455
65,RIVER ELM SCHOOL,1459
960,RIVER ELM SCHOOL,1459
961,RIVER ELM SCHOOL,1459
965,RIVER ELM SCHOOL,1459
966,RIVER ELM SCHOOL,1459
1425,EMERSON SCHOOL,1466
1426,EMERSON SCHOOL,1466
1427,EMERSON SCHOOL,1466
1428,EMERSON SCHOOL,1466
1429,EMERSON SCHOOL,1466
1430,EMERSON SCHOOL,1466
2227,EMERSON SCHOOL,1466
2228,EMERSON SCHOOL,1466
1105,NORQUAY SCHOOL,1497
1109,NORQUAY SCHOOL,1497
1110,NORQUAY SCHOOL,1497
1113,NORQUAY SCHOOL,1497
1114,NORQUAY SCHOOL,1497
753,BUCHANAN SCHOOL,1522
755,BUCHANAN SCHOOL,1522
2056,BUCHANAN SCHOOL,1522
2057,BUCHANAN SCHOOL,1522
2058,BUCHANAN SCHOOL,1522
2063,BUCHANAN SCHOOL,1522
312,GEORGE WATERS MIDDLE SCHOOL,1555
313,GEORGE WATERS MIDDLE SCHOOL,1555
1343,GEORGE WATERS MIDDLE SCHOOL,1555
1344,GEORGE WATERS MIDDLE SCHOOL,1555
1345,GEORGE WATERS MIDDLE SCHOOL,1555
1346,GEORGE WATERS MIDDLE SCHOOL,1555
299,RIVERVIEW SCHOOL,1579
300,RIVERVIEW SCHOOL,1579
844,RIVERVIEW SCHOOL,1579
845,RIVERVIEW SCHOOL,1579
846,RIVERVIEW SCHOOL,1579
776,ATHLONE SCHOOL,1582
777,ATHLONE SCHOOL,1582
2126,ATHLONE SCHOOL,1582
2127,ATHLONE SCHOOL,1582
2128,ATHLONE SCHOOL,1582
1954,EARL GREY SCHOOL,1585
1955,EARL GREY SCHOOL,1585
1956,EARL GREY SCHOOL,1585
1960,EARL GREY SCHOOL,1585
1961,EARL GREY SCHOOL,1585
1962,EARL GREY SCHOOL,1585
194,ROCKWOOD SCHOOL,1585
922,ROCKWOOD SCHOOL,1585
923,ROCKWOOD SCHOOL,1585
926,ROCKWOOD SCHOOL,1585
927,ROCKWOOD SCHOOL,1585
928,ROCKWOOD SCHOOL,1585
740,DAVID LIVINGSTONE SCHOOL,1593
741,DAVID LIVINGSTONE SCHOOL,1593
2009,DAVID LIVINGSTONE SCHOOL,1593
2010,DAVID LIVINGSTONE SCHOOL,1593
2011,DAVID LIVINGSTONE SCHOOL,1593
111,NIJI MAHKWA SCHOOL,1593
112,NIJI MAHKWA SCHOOL,1593
1126,NIJI MAHKWA SCHOOL,1593
1127,NIJI MAHKWA SCHOOL,1593
1128,NIJI MAHKWA SCHOOL,1593
328,FOREST PARK SCHOOL,1610
329,FOREST PARK SCHOOL,1610
1398,FOREST PARK SCHOOL,1610
1399,FOREST PARK SCHOOL,1610
1400,FOREST PARK SCHOOL,1610
1401,FOREST PARK SCHOOL,1610
622,STANLEY KNOWLES SCHOOL,1684
84,PRINCIPAL SPARLING SCHOOL,1693
1025,PRINCIPAL SPARLING SCHOOL,1693
1027,PRINCIPAL SPARLING SCHOOL,1693
1031,PRINCIPAL SPARLING SCHOOL,1693
1032,PRINCIPAL SPARLING SCHOOL,1693
130,MEADOWS WEST SCHOOL,1699
131,MEADOWS WEST SCHOOL,1699
1170,MEADOWS WEST SCHOOL,1699
1171,MEADOWS WEST SCHOOL,1699
1172,MEADOWS WEST SCHOOL,1699
1173,MEADOWS WEST SCHOOL,1699
310,GLADSTONE SCHOOL,1734
311,GLADSTONE SCHOOL,1734
1339,GLADSTONE SCHOOL,1734
1340,GLADSTONE SCHOOL,1734
1341,GLADSTONE SCHOOL,1734
1342,GLADSTONE SCHOOL,1734
1421,EMERSON SCHOOL,1774
1422,EMERSON SCHOOL,1774
1423,EMERSON SCHOOL,1774
1424,EMERSON SCHOOL,1774
2229,EMERSON SCHOOL,1774
2230,EMERSON SCHOOL,1774
2251,FOREST PARK SCHOOL,1815
2252,FOREST PARK SCHOOL,1815
2253,FOREST PARK SCHOOL,1815
2254,FOREST PARK SCHOOL,1815
109,NORQUAY SCHOOL,1824
1106,NORQUAY SCHOOL,1824
1107,NORQUAY SCHOOL,1824
1108,NORQUAY SCHOOL,1824
1350,GEORGE V SCHOOL,1858
1360,GEORGE V SCHOOL,1858
1361,GEORGE V SCHOOL,1858
1362,GEORGE V SCHOOL,1858
1363,GEORGE V SCHOOL,1858
286,SHERWOOD SCHOOL,1858
287,SHERWOOD SCHOOL,1858
700,SHERWOOD SCHOOL,1858
701,SHERWOOD SCHOOL,1858
702,SHERWOOD SCHOOL,1858
703,SHERWOOD SCHOOL,1858
448,GROSVENOR SCHOOL,1865
1820,GROSVENOR SCHOOL,1865
1821,GROSVENOR SCHOOL,1865
1828,GROSVENOR SCHOOL,1865
1829,GROSVENOR SCHOOL,1865
1830,GROSVENOR SCHOOL,1865
85,PRINCIPAL SPARLING SCHOOL,1871
86,PRINCIPAL SPARLING SCHOOL,1871
1029,PRINCIPAL SPARLING SCHOOL,1871
1030,PRINCIPAL SPARLING SCHOOL,1871
447,GROSVENOR SCHOOL,1873
1815,GROSVENOR SCHOOL,1873
1816,GROSVENOR SCHOOL,1873
1825,GROSVENOR SCHOOL,1873
1826,GROSVENOR SCHOOL,1873
1827,GROSVENOR SCHOOL,1873
831,HARROW SCHOOL,1873
1786,HARROW SCHOOL,1873
1787,HARROW SCHOOL,1873
1788,HARROW SCHOOL,1873
1789,HARROW SCHOOL,1873
441,HAMPSTEAD SCHOOL,1915
1802,HAMPSTEAD SCHOOL,1915
1803,HAMPSTEAD SCHOOL,1915
1804,HAMPSTEAD SCHOOL,1915
254,STEVENSON SCHOOL,1916
255,STEVENSON SCHOOL,1916
607,STEVENSON SCHOOL,1916
608,STEVENSON SCHOOL,1916
609,STEVENSON SCHOOL,1916
610,STEVENSON SCHOOL,1916
795,JOHN W. GUNN MIDDLE SCHOOL,1946
1664,JOHN W. GUNN MIDDLE SCHOOL,1946
1668,JOHN W. GUNN MIDDLE SCHOOL,1946
71,RADISSON SCHOOL,1946
997,RADISSON SCHOOL,1946
998,RADISSON SCHOOL,1946
438,HARROW SCHOOL,1954
832,HARROW SCHOOL,1954
1791,HARROW SCHOOL,1954
1796,HARROW SCHOOL,1954
1797,HARROW SCHOOL,1954
1790,HARROW SCHOOL,1955
200,GOVERNOR SEMPLE SCHOOL,1962
1311,GOVERNOR SEMPLE SCHOOL,1962
1312,GOVERNOR SEMPLE SCHOOL,1962
1313,GOVERNOR SEMPLE SCHOOL,1962
1318,GOVERNOR SEMPLE SCHOOL,1962
87,PRINCESS MARGARET SCHOOL,1987
88,PRINCESS MARGARET SCHOOL,1987
1035,PRINCESS MARGARET SCHOOL,1987
1037,PRINCESS MARGARET SCHOOL,1987
1038,PRINCESS MARGARET SCHOOL,1987
826,HIGHBURY SCHOOL,2054
1775,HIGHBURY SCHOOL,2054
1776,HIGHBURY SCHOOL,2054
1777,HIGHBURY SCHOOL,2054
1778,HIGHBURY SCHOOL,2054
2023,CRESTVIEW SCHOOL,2069
2027,CRESTVIEW SCHOOL,2069
218,WESTVIEW SCHOOL,2087
220,WESTVIEW SCHOOL,2087
431,WESTVIEW SCHOOL,2087
491,WESTVIEW SCHOOL,2087
492,WESTVIEW SCHOOL,2087
493,WESTVIEW SCHOOL,2087
100,PARC LA SALLE SCHOOL,2121
101,PARC LA SALLE SCHOOL,2121
1083,PARC LA SALLE SCHOOL,2121
1084,PARC LA SALLE SCHOOL,2121
1085,PARC LA SALLE SCHOOL,2121
1086,PARC LA SALLE SCHOOL,2121
128,MEADOWS WEST SCHOOL,2165
129,MEADOWS WEST SCHOOL,2165
1163,MEADOWS WEST SCHOOL,2165
1164,MEADOWS WEST SCHOOL,2165
1165,MEADOWS WEST SCHOOL,2165
1166,MEADOWS WEST SCHOOL,2165
1167,MEADOWS WEST SCHOOL,2165
1168,MEADOWS WEST SCHOOL,2165
1169,MEADOWS WEST SCHOOL,2165
806,ISLAND LAKES COMMUNITY SCHOOL,2190
807,ISLAND LAKES COMMUNITY SCHOOL,2190
1712,ISLAND LAKES COMMUNITY SCHOOL,2190
1713,ISLAND LAKES COMMUNITY SCHOOL,2190
1714,ISLAND LAKES COMMUNITY SCHOOL,2190
1715,ISLAND LAKES COMMUNITY SCHOOL,2190
803,J. B. MITCHELL SCHOOL,2235
804,J. B. MITCHELL SCHOOL,2235
1710,J. B. MITCHELL SCHOOL,2235
1711,J. B. MITCHELL SCHOOL,2235
170,LAKEWOOD SCHOOL,2281
171,LAKEWOOD SCHOOL,2281
849,LAKEWOOD SCHOOL,2281
850,LAKEWOOD SCHOOL,2281
851,LAKEWOOD SCHOOL,2281
852,LAKEWOOD SCHOOL,2281
789,KENT ROAD SCHOOL,2307
790,KENT ROAD SCHOOL,2307
1653,KENT ROAD SCHOOL,2307
1654,KENT ROAD SCHOOL,2307
1655,KENT ROAD SCHOOL,2307
1656,KENT ROAD SCHOOL,2307
392,WINDSOR SCHOOL,2337
399,WINDSOR SCHOOL,2337
400,WINDSOR SCHOOL,2337
401,WINDSOR SCHOOL,2337
402,WINDSOR SCHOOL,2337
258,STANLEY KNOWLES SCHOOL,2345
259,STANLEY KNOWLES SCHOOL,2345
260,STANLEY KNOWLES SCHOOL,2345
617,STANLEY KNOWLES SCHOOL,2345
618,STANLEY KNOWLES SCHOOL,2345
619,STANLEY KNOWLES SCHOOL,2345
620,STANLEY KNOWLES SCHOOL,2345
621,STANLEY KNOWLES SCHOOL,2345
242,TYNDALL PARK COMMUNITY SCHOOL,2345
560,TYNDALL PARK COMMUNITY SCHOOL,2345
561,TYNDALL PARK COMMUNITY SCHOOL,2345
562,TYNDALL PARK COMMUNITY SCHOOL,2345
563,TYNDALL PARK COMMUNITY SCHOOL,2345
739,DAVID LIVINGSTONE SCHOOL,2347
2005,DAVID LIVINGSTONE SCHOOL,2347
2006,DAVID LIVINGSTONE SCHOOL,2347
2007,DAVID LIVINGSTONE SCHOOL,2347
2008,DAVID LIVINGSTONE SCHOOL,2347
339,EDMUND PARTRIDGE COMMUNITY SCHOOL,2352
341,EDMUND PARTRIDGE COMMUNITY SCHOOL,2352
1439,EDMUND PARTRIDGE COMMUNITY SCHOOL,2352
1442,EDMUND PARTRIDGE COMMUNITY SCHOOL,2352
1443,EDMUND PARTRIDGE COMMUNITY SCHOOL,2352
1039,PRINCESS MARGARET SCHOOL,2355
1040,PRINCESS MARGARET SCHOOL,2355
1041,PRINCESS MARGARET SCHOOL,2355
1042,PRINCESS MARGARET SCHOOL,2355
1043,PRINCESS MARGARET SCHOOL,2355
80,QUEENSTON SCHOOL,2360
1012,QUEENSTON SCHOOL,2360
1017,QUEENSTON SCHOOL,2360
1018,QUEENSTON SCHOOL,2360
1023,QUEENSTON SCHOOL,2360
1024,QUEENSTON SCHOOL,2360
773,BAIRDMORE SCHOOL,2371
774,BAIRDMORE SCHOOL,2371
2118,BAIRDMORE SCHOOL,2371
2121,BAIRDMORE SCHOOL,2371
2122,BAIRDMORE SCHOOL,2371
2123,BAIRDMORE SCHOOL,2371
805,J. B. MITCHELL SCHOOL,2455
1705,J. B. MITCHELL SCHOOL,2455
1706,J. B. MITCHELL SCHOOL,2455
1707,J. B. MITCHELL SCHOOL,2455
1708,J. B. MITCHELL SCHOOL,2455
1709,J. B. MITCHELL SCHOOL,2455
817,INKSTER SCHOOL,2469
1735,INKSTER SCHOOL,2469
1736,INKSTER SCHOOL,2469
1737,INKSTER SCHOOL,2469
1740,INKSTER SCHOOL,2469
1741,INKSTER SCHOOL,2469
191,ROYAL SCHOOL,2503
192,ROYAL SCHOOL,2503
916,ROYAL SCHOOL,2503
917,ROYAL SCHOOL,2503
918,ROYAL SCHOOL,2503
919,ROYAL SCHOOL,2503
866,LA BARRIERE CROSSINGS SCHOOL,2505
867,LA BARRIERE CROSSINGS SCHOOL,2505
868,LA BARRIERE CROSSINGS SCHOOL,2505
869,LA BARRIERE CROSSINGS SCHOOL,2505
870,LA BARRIERE CROSSINGS SCHOOL,2505
871,LA BARRIERE CROSSINGS SCHOOL,2505
1695,JAMES NISBET COMMUNITY SCHOOL,2510
1697,JAMES NISBET COMMUNITY SCHOOL,2510
1702,JAMES NISBET COMMUNITY SCHOOL,2510
1703,JAMES NISBET COMMUNITY SCHOOL,2510
1704,JAMES NISBET COMMUNITY SCHOOL,2510
793,JOSEPH TERES SCHOOL,2524
1661,JOSEPH TERES SCHOOL,2524
1662,JOSEPH TERES SCHOOL,2524
165,LAURA SECORD SCHOOL,2530
166,LAURA SECORD SCHOOL,2530
1285,LAURA SECORD SCHOOL,2530
1286,LAURA SECORD SCHOOL,2530
1287,LAURA SECORD SCHOOL,2530
156,LINDEN MEADOWS SCHOOL,2564
157,LINDEN MEADOWS SCHOOL,2564
1263,LINDEN MEADOWS SCHOOL,2564
1264,LINDEN MEADOWS SCHOOL,2564
1265,LINDEN MEADOWS SCHOOL,2564
1266,LINDEN MEADOWS SCHOOL,2564
1246,LINWOOD SCHOOL,2572
1247,LINWOOD SCHOOL,2572
1248,LINWOOD SCHOOL,2572
1249,LINWOOD SCHOOL,2572
1261,LINWOOD SCHOOL,2572
1262,LINWOOD SCHOOL,2572
2284,LINWOOD SCHOOL,2572
2285,LINWOOD SCHOOL,2572
2286,LINWOOD SCHOOL,2572
747,CARPATHIA SCHOOL,2592
2041,CARPATHIA SCHOOL,2592
2042,CARPATHIA SCHOOL,2592
2043,CARPATHIA SCHOOL,2592
750,CARPATHIA SCHOOL,2593
751,CARPATHIA SCHOOL,2593
2048,CARPATHIA SCHOOL,2593
2049,CARPATHIA SCHOOL,2593
2050,CARPATHIA SCHOOL,2593
2051,CARPATHIA SCHOOL,2593
318,GENERAL VANIER SCHOOL,2600
1373,GENERAL VANIER SCHOOL,2600
1374,GENERAL VANIER SCHOOL,2600
1689,JOHN DE GRAFF SCHOOL,2622
1690,JOHN DE GRAFF SCHOOL,2622
1691,JOHN DE GRAFF SCHOOL,2622
1692,JOHN DE GRAFF SCHOOL,2622
1693,JOHN DE GRAFF SCHOOL,2622
1694,JOHN DE GRAFF SCHOOL,2622
92,PRAIRIE ROSE ELEMENTARY SCHOOL,2631
93,PRAIRIE ROSE ELEMENTARY SCHOOL,2631
1065,PRAIRIE ROSE ELEMENTARY SCHOOL,2631
1066,PRAIRIE ROSE ELEMENTARY SCHOOL,2631
1067,PRAIRIE ROSE ELEMENTARY SCHOOL,2631
1068,PRAIRIE ROSE ELEMENTARY SCHOOL,2631
108,NORQUAY SCHOOL,2636
1104,NORQUAY SCHOOL,2636
1111,NORQUAY SCHOOL,2636
1112,NORQUAY SCHOOL,2636
141,LUXTON SCHOOL,2637
146,LUXTON SCHOOL,2637
1219,LUXTON SCHOOL,2637
1220,LUXTON SCHOOL,2637
1221,LUXTON SCHOOL,2637
1431,ELWICK COMMUNITY SCHOOL,2652
1435,ELWICK COMMUNITY SCHOOL,2652
1436,ELWICK COMMUNITY SCHOOL,2652
467,CHAMPLAIN SCHOOL,2659
468,CHAMPLAIN SCHOOL,2659
1879,CHAMPLAIN SCHOOL,2659
1880,CHAMPLAIN SCHOOL,2659
1881,CHAMPLAIN SCHOOL,2659
1882,CHAMPLAIN SCHOOL,2659
69,RALPH BROWN SCHOOL,2659
980,RALPH BROWN SCHOOL,2659
981,RALPH BROWN SCHOOL,2659
982,RALPH BROWN SCHOOL,2659
992,RALPH BROWN SCHOOL,2659
993,RALPH BROWN SCHOOL,2659
931,ROBERTSON SCHOOL,2659
935,ROBERTSON SCHOOL,2659
936,ROBERTSON SCHOOL,2659
937,ROBERTSON SCHOOL,2659
1297,ROBERTSON SCHOOL,2659
1298,ROBERTSON SCHOOL,2659
794,JOHN W. GUNN MIDDLE SCHOOL,2665
1663,JOHN W. GUNN MIDDLE SCHOOL,2665
1665,JOHN W. GUNN MIDDLE SCHOOL,2665
1666,JOHN W. GUNN MIDDLE SCHOOL,2665
1667,JOHN W. GUNN MIDDLE SCHOOL,2665
1669,JOHN W. GUNN MIDDLE SCHOOL,2665
404,WILLIAM WHYTE SCHOOL,2679
405,WILLIAM WHYTE SCHOOL,2679
406,WILLIAM WHYTE SCHOOL,2679
412,WILLIAM WHYTE SCHOOL,2679
414,WILLIAM WHYTE SCHOOL,2679
415,WILLIAM WHYTE SCHOOL,2679
288,SHAUGHNESSY PARK SCHOOL,2713
289,SHAUGHNESSY PARK SCHOOL,2713
704,SHAUGHNESSY PARK SCHOOL,2713
705,SHAUGHNESSY PARK SCHOOL,2713
707,SHAUGHNESSY PARK SCHOOL,2713
708,SHAUGHNESSY PARK SCHOOL,2713
407,WILLIAM WHYTE SCHOOL,2713
408,WILLIAM WHYTE SCHOOL,2713
409,WILLIAM WHYTE SCHOOL,2713
410,WILLIAM WHYTE SCHOOL,2713
417,WILLIAM WHYTE SCHOOL,2713
418,WILLIAM WHYTE SCHOOL,2713
1432,ELWICK COMMUNITY SCHOOL,2719
1433,ELWICK COMMUNITY SCHOOL,2719
1434,ELWICK COMMUNITY SCHOOL,2719
2243,ELWICK COMMUNITY SCHOOL,2730
2244,ELWICK COMMUNITY SCHOOL,2730
2245,ELWICK COMMUNITY SCHOOL,2730
2246,ELWICK COMMUNITY SCHOOL,2730
304,RIVERVIEW SCHOOL,2735
847,RIVERVIEW SCHOOL,2735
848,RIVERVIEW SCHOOL,2735
938,RIVERVIEW SCHOOL,2735
945,RIVERVIEW SCHOOL,2735
946,RIVERVIEW SCHOOL,2735
2247,ELWICK COMMUNITY SCHOOL,2741
2248,ELWICK COMMUNITY SCHOOL,2741
2249,ELWICK COMMUNITY SCHOOL,2741
2250,ELWICK COMMUNITY SCHOOL,2741
463,CHANCELLOR ELEMENTARY,2762
464,CHANCELLOR ELEMENTARY,2762
465,CHANCELLOR ELEMENTARY,2762
1870,CHANCELLOR ELEMENTARY,2762
1871,CHANCELLOR ELEMENTARY,2762
1872,CHANCELLOR ELEMENTARY,2762
1873,CHANCELLOR ELEMENTARY,2762
164,LAVALLEE SCHOOL,2765
1280,LAVALLEE SCHOOL,2765
1281,LAVALLEE SCHOOL,2765
1282,LAVALLEE SCHOOL,2765
158,LINCOLN MIDDLE SCHOOL,2826
159,LINCOLN MIDDLE SCHOOL,2826
1267,LINCOLN MIDDLE SCHOOL,2826
1268,LINCOLN MIDDLE SCHOOL,2826
1269,LINCOLN MIDDLE SCHOOL,2826
1270,LINCOLN MIDDLE SCHOOL,2826
798,JOHN M. KING SCHOOL,2843
799,JOHN M. KING SCHOOL,2843
1673,JOHN M. KING SCHOOL,2843
1674,JOHN M. KING SCHOOL,2843
1675,JOHN M. KING SCHOOL,2843
1676,JOHN M. KING SCHOOL,2843
147,LORD SELKIRK SCHOOL,2851
1222,LORD SELKIRK SCHOOL,2851
1223,LORD SELKIRK SCHOOL,2851
133,MAPLE LEAF SCHOOL,2853
134,MAPLE LEAF SCHOOL,2853
1192,MAPLE LEAF SCHOOL,2853
1193,MAPLE LEAF SCHOOL,2853
1194,MAPLE LEAF SCHOOL,2853
1195,MAPLE LEAF SCHOOL,2853
814,INKSTER SCHOOL,2859
815,INKSTER SCHOOL,2859
1732,INKSTER SCHOOL,2859
1733,INKSTER SCHOOL,2859
1734,INKSTER SCHOOL,2859
249,STRATHCONA SCHOOL,2859
250,STRATHCONA SCHOOL,2859
252,STRATHCONA SCHOOL,2859
580,STRATHCONA SCHOOL,2859
583,STRATHCONA SCHOOL,2859
584,STRATHCONA SCHOOL,2859
757,BRUCE MIDDLE SCHOOL,2891
2066,BRUCE MIDDLE SCHOOL,2891
2067,BRUCE MIDDLE SCHOOL,2891
2068,BRUCE MIDDLE SCHOOL,2891
2069,BRUCE MIDDLE SCHOOL,2891
238,VICTOR H.L. WYATT SCHOOL,2892
550,VICTOR H.L. WYATT SCHOOL,2892
551,VICTOR H.L. WYATT SCHOOL,2892
552,VICTOR H.L. WYATT SCHOOL,2892
553,VICTOR H.L. WYATT SCHOOL,2892
126,MINNETONKA SCHOOL,2955
127,MINNETONKA SCHOOL,2955
1160,MINNETONKA SCHOOL,2955
1161,MINNETONKA SCHOOL,2955
1162,MINNETONKA SCHOOL,2955
122,MONTROSE SCHOOL,2993
125,MONTROSE SCHOOL,2993
1152,MONTROSE SCHOOL,2993
1153,MONTROSE SCHOOL,2993
1158,MONTROSE SCHOOL,2993
1159,MONTROSE SCHOOL,2993
2024,CRESTVIEW SCHOOL,3006
2025,CRESTVIEW SCHOOL,3006
2026,CRESTVIEW SCHOOL,3006
103,OAKENWALD SCHOOL,3168
104,OAKENWALD SCHOOL,3168
1092,OAKENWALD SCHOOL,3168
1093,OAKENWALD SCHOOL,3168
1094,OAKENWALD SCHOOL,3168
1095,OAKENWALD SCHOOL,3168
764,BROOKLANDS SCHOOL,3186
2083,BROOKLANDS SCHOOL,3186
2084,BROOKLANDS SCHOOL,3186
1323,GLENWOOD SCHOOL,3226
1324,GLENWOOD SCHOOL,3226
1333,GLENWOOD SCHOOL,3226
1334,GLENWOOD SCHOOL,3226
97,PINKHAM SCHOOL,3232
1075,PINKHAM SCHOOL,3232
1076,PINKHAM SCHOOL,3232
1077,PINKHAM SCHOOL,3232
1078,PINKHAM SCHOOL,3232
762,BROOKLANDS SCHOOL,3233
2079,BROOKLANDS SCHOOL,3233
2080,BROOKLANDS SCHOOL,3233
1290,LAURA SECORD SCHOOL,3241
330,FARADAY SCHOOL,3287
331,FARADAY SCHOOL,3287
1402,FARADAY SCHOOL,3287
1403,FARADAY SCHOOL,3287
1404,FARADAY SCHOOL,3287
816,INKSTER SCHOOL,3287
818,INKSTER SCHOOL,3287
1738,INKSTER SCHOOL,3287
1739,INKSTER SCHOOL,3287
1742,INKSTER SCHOOL,3287
1743,INKSTER SCHOOL,3287
363,DONWOOD SCHOOL,3295
1980,DONWOOD SCHOOL,3295
1981,DONWOOD SCHOOL,3295
1982,DONWOOD SCHOOL,3295
1983,DONWOOD SCHOOL,3295
113,NIAKWA PLACE SCHOOL,3317
115,NIAKWA PLACE SCHOOL,3317
1129,NIAKWA PLACE SCHOOL,3317
1130,NIAKWA PLACE SCHOOL,3317
1135,NIAKWA PLACE SCHOOL,3317
317,GENERAL VANIER SCHOOL,3341
1371,GENERAL VANIER SCHOOL,3341
1372,GENERAL VANIER SCHOOL,3341
201,GOVERNOR SEMPLE SCHOOL,3357
202,GOVERNOR SEMPLE SCHOOL,3357
1314,GOVERNOR SEMPLE SCHOOL,3357
1315,GOVERNOR SEMPLE SCHOOL,3357
1316,GOVERNOR SEMPLE SCHOOL,3357
1317,GOVERNOR SEMPLE SCHOOL,3357
144,LUXTON SCHOOL,3423
145,LUXTON SCHOOL,3423
1211,LUXTON SCHOOL,3423
1216,LUXTON SCHOOL,3423
1217,LUXTON SCHOOL,3423
1218,LUXTON SCHOOL,3423
1224,LORD SELKIRK SCHOOL,3428
1225,LORD SELKIRK SCHOOL,3428
1226,LORD SELKIRK SCHOOL,3428
1227,LORD SELKIRK SCHOOL,3428
1228,LORD SELKIRK SCHOOL,3428
110,NIJI MAHKWA SCHOOL,3446
1119,NIJI MAHKWA SCHOOL,3446
1123,NIJI MAHKWA SCHOOL,3446
1124,NIJI MAHKWA SCHOOL,3446
1125,NIJI MAHKWA SCHOOL,3446
211,WILLIAM WHYTE SCHOOL,3446
411,WILLIAM WHYTE SCHOOL,3446
413,WILLIAM WHYTE SCHOOL,3446
416,WILLIAM WHYTE SCHOOL,3446
419,WILLIAM WHYTE SCHOOL,3446
420,WILLIAM WHYTE SCHOOL,3446
240,VAN WALLEGHEM SCHOOL,3470
554,VAN WALLEGHEM SCHOOL,3470
555,VAN WALLEGHEM SCHOOL,3470
57,KING EDWARD COMMUNITY SCHOOL,3476
1642,KING EDWARD COMMUNITY SCHOOL,3476
1643,KING EDWARD COMMUNITY SCHOOL,3476
1644,KING EDWARD COMMUNITY SCHOOL,3476
1645,KING EDWARD COMMUNITY SCHOOL,3476
1646,KING EDWARD COMMUNITY SCHOOL,3476
283,SISTER MACNAMARA SCHOOL,3498
284,SISTER MACNAMARA SCHOOL,3498
695,SISTER MACNAMARA SCHOOL,3498
696,SISTER MACNAMARA SCHOOL,3498
78,QUEENSTON SCHOOL,3505
82,QUEENSTON SCHOOL,3505
1013,QUEENSTON SCHOOL,3505
1014,QUEENSTON SCHOOL,3505
1021,QUEENSTON SCHOOL,3505
1022,QUEENSTON SCHOOL,3505
224,WESTON SCHOOL,3507
496,WESTON SCHOOL,3507
501,WESTON SCHOOL,3507
502,WESTON SCHOOL,3507
2097,BEAVERLODGE SCHOOL,3544
2098,BEAVERLODGE SCHOOL,3544
2099,BEAVERLODGE SCHOOL,3544
2100,BEAVERLODGE SCHOOL,3544
2101,BEAVERLODGE SCHOOL,3544
152,LORD ROBERTS COMMUNITY SCHOOL,3549
154,LORD ROBERTS COMMUNITY SCHOOL,3549
1237,LORD ROBERTS COMMUNITY SCHOOL,3549
1238,LORD ROBERTS COMMUNITY SCHOOL,3549
1241,LORD ROBERTS COMMUNITY SCHOOL,3549
1242,LORD ROBERTS COMMUNITY SCHOOL,3549
233,WAYOATA SCHOOL,3551
520,WAYOATA SCHOOL,3551
521,WAYOATA SCHOOL,3551
522,WAYOATA SCHOOL,3551
523,WAYOATA SCHOOL,3551
216,WESTVIEW SCHOOL,3552
221,WESTVIEW SCHOOL,3552
432,WESTVIEW SCHOOL,3552
433,WESTVIEW SCHOOL,3552
437,WESTVIEW SCHOOL,3552
494,WESTVIEW SCHOOL,3552
495,WESTVIEW SCHOOL,3552
60,RIVERBEND COMMUNITY SCHOOL,3567
61,RIVERBEND COMMUNITY SCHOOL,3567
953,RIVERBEND COMMUNITY SCHOOL,3567
954,RIVERBEND COMMUNITY SCHOOL,3567
955,RIVERBEND COMMUNITY SCHOOL,3567
956,RIVERBEND COMMUNITY SCHOOL,3567
439,HAROLD HATCHER SCHOOL,3574
440,HAROLD HATCHER SCHOOL,3574
1798,HAROLD HATCHER SCHOOL,3574
1799,HAROLD HATCHER SCHOOL,3574
1800,HAROLD HATCHER SCHOOL,3574
1801,HAROLD HATCHER SCHOOL,3574
788,KING EDWARD COMMUNITY SCHOOL,3578
1648,KING EDWARD COMMUNITY SCHOOL,3578
1649,KING EDWARD COMMUNITY SCHOOL,3578
1650,KING EDWARD COMMUNITY SCHOOL,3578
1651,KING EDWARD COMMUNITY SCHOOL,3578
1652,KING EDWARD COMMUNITY SCHOOL,3578
1396,FORT ROUGE SCHOOL,3629
1397,FORT ROUGE SCHOOL,3629
63,RIVER ELM SCHOOL,3648
64,RIVER ELM SCHOOL,3648
962,RIVER ELM SCHOOL,3648
963,RIVER ELM SCHOOL,3648
964,RIVER ELM SCHOOL,3648
929,ROBERTSON SCHOOL,3664
930,ROBERTSON SCHOOL,3664
932,ROBERTSON SCHOOL,3664
933,ROBERTSON SCHOOL,3664
934,ROBERTSON SCHOOL,3664
94,POLSON SCHOOL,3671
1069,POLSON SCHOOL,3671
1070,POLSON SCHOOL,3671
1049,PRINCE EDWARD SCHOOL,3671
1050,PRINCE EDWARD SCHOOL,3671
1051,PRINCE EDWARD SCHOOL,3671
193,ROCKWOOD SCHOOL,3680
195,ROCKWOOD SCHOOL,3680
920,ROCKWOOD SCHOOL,3680
921,ROCKWOOD SCHOOL,3680
924,ROCKWOOD SCHOOL,3680
925,ROCKWOOD SCHOOL,3680
763,BROOKLANDS SCHOOL,3712
2078,BROOKLANDS SCHOOL,3712
2081,BROOKLANDS SCHOOL,3712
2082,BROOKLANDS SCHOOL,3712
2085,BROOKLANDS SCHOOL,3712
2086,BROOKLANDS SCHOOL,3712
232,WAYOATA SCHOOL,3713
524,WAYOATA SCHOOL,3713
525,WAYOATA SCHOOL,3713
526,WAYOATA SCHOOL,3713
527,WAYOATA SCHOOL,3713
217,WESTVIEW SCHOOL,3714
219,WESTVIEW SCHOOL,3714
434,WESTVIEW SCHOOL,3714
435,WESTVIEW SCHOOL,3714
436,WESTVIEW SCHOOL,3714
490,WESTVIEW SCHOOL,3714
1036,PRINCESS MARGARET SCHOOL,3716
1044,PRINCESS MARGARET SCHOOL,3716
1045,PRINCESS MARGARET SCHOOL,3716
1046,PRINCESS MARGARET SCHOOL,3716
1047,PRINCESS MARGARET SCHOOL,3716
1048,PRINCESS MARGARET SCHOOL,3716
340,EDMUND PARTRIDGE COMMUNITY SCHOOL,3731
1437,EDMUND PARTRIDGE COMMUNITY SCHOOL,3731
1438,EDMUND PARTRIDGE COMMUNITY SCHOOL,3731
1440,EDMUND PARTRIDGE COMMUNITY SCHOOL,3731
1441,EDMUND PARTRIDGE COMMUNITY SCHOOL,3731
167,LAURA SECORD SCHOOL,3743
168,LAURA SECORD SCHOOL,3743
1288,LAURA SECORD SCHOOL,3743
1289,LAURA SECORD SCHOOL,3743
1291,LAURA SECORD SCHOOL,3743
188,RYERSON ELEMENTARY,3758
189,RYERSON ELEMENTARY,3758
908,RYERSON ELEMENTARY,3758
909,RYERSON ELEMENTARY,3758
910,RYERSON ELEMENTARY,3758
314,GEORGE V SCHOOL,3791
1347,GEORGE V SCHOOL,3791
1348,GEORGE V SCHOOL,3791
1349,GEORGE V SCHOOL,3791
791,JOSEPH TERES SCHOOL,3803
792,JOSEPH TERES SCHOOL,3803
1657,JOSEPH TERES SCHOOL,3803
1658,JOSEPH TERES SCHOOL,3803
1659,JOSEPH TERES SCHOOL,3803
1660,JOSEPH TERES SCHOOL,3803
180,SANSOME SCHOOL,3806
886,SANSOME SCHOOL,3806
887,SANSOME SCHOOL,3806
888,SANSOME SCHOOL,3806
889,SANSOME SCHOOL,3806
890,SANSOME SCHOOL,3806
879,SARGENT PARK SCHOOL,3816
881,SARGENT PARK SCHOOL,3816
829,HENRY G. IZATT MIDDLE SCHOOL,3850
830,HENRY G. IZATT MIDDLE SCHOOL,3850
1783,HENRY G. IZATT MIDDLE SCHOOL,3850
1784,HENRY G. IZATT MIDDLE SCHOOL,3850
1785,HENRY G. IZATT MIDDLE SCHOOL,3850
214,WHYTE RIDGE ELEMENTARY,3850
215,WHYTE RIDGE ELEMENTARY,3850
424,WHYTE RIDGE ELEMENTARY,3850
425,WHYTE RIDGE ELEMENTARY,3850
426,WHYTE RIDGE ELEMENTARY,3850
427,WHYTE RIDGE ELEMENTARY,3850
428,WHYTE RIDGE ELEMENTARY,3850
429,WHYTE RIDGE ELEMENTARY,3850
430,WHYTE RIDGE ELEMENTARY,3850
291,SHAMROCK SCHOOL,3906
292,SHAMROCK SCHOOL,3906
713,SHAMROCK SCHOOL,3906
714,SHAMROCK SCHOOL,3906
715,SHAMROCK SCHOOL,3906
83,PRINCIPAL SPARLING SCHOOL,3927
1026,PRINCIPAL SPARLING SCHOOL,3927
1028,PRINCIPAL SPARLING SCHOOL,3927
1033,PRINCIPAL SPARLING SCHOOL,3927
1034,PRINCIPAL SPARLING SCHOOL,3927
256,STEVENSON SCHOOL,3957
257,STEVENSON SCHOOL,3957
597,STEVENSON SCHOOL,3957
598,STEVENSON SCHOOL,3957
600,STEVENSON SCHOOL,3957
601,STEVENSON SCHOOL,3957
611,STEVENSON SCHOOL,3957
612,STEVENSON SCHOOL,3957
613,STEVENSON SCHOOL,3957
614,STEVENSON SCHOOL,3957
615,STEVENSON SCHOOL,3957
616,STEVENSON SCHOOL,3957
227,WELLINGTON SCHOOL,3968
228,WELLINGTON SCHOOL,3968
507,WELLINGTON SCHOOL,3968
508,WELLINGTON SCHOOL,3968
509,WELLINGTON SCHOOL,3968
510,WELLINGTON SCHOOL,3968
2255,FOREST PARK SCHOOL,3975
2256,FOREST PARK SCHOOL,3975
2257,FOREST PARK SCHOOL,3975
2258,FOREST PARK SCHOOL,3975
56,KING EDWARD COMMUNITY SCHOOL,3975
58,KING EDWARD COMMUNITY SCHOOL,3975
787,KING EDWARD COMMUNITY SCHOOL,3975
1640,KING EDWARD COMMUNITY SCHOOL,3975
1641,KING EDWARD COMMUNITY SCHOOL,3975
1647,KING EDWARD COMMUNITY SCHOOL,3975
809,ISAAC BROCK SCHOOL,4061
810,ISAAC BROCK SCHOOL,4061
1719,ISAAC BROCK SCHOOL,4061
1720,ISAAC BROCK SCHOOL,4061
1721,ISAAC BROCK SCHOOL,4061
1722,ISAAC BROCK SCHOOL,4061
142,LUXTON SCHOOL,4072
143,LUXTON SCHOOL,4072
1212,LUXTON SCHOOL,4072
1213,LUXTON SCHOOL,4072
1214,LUXTON SCHOOL,4072
1215,LUXTON SCHOOL,4072
658,ST. GEORGE SCHOOL,4080
659,ST. GEORGE SCHOOL,4080
660,ST. GEORGE SCHOOL,4080
661,ST. GEORGE SCHOOL,4080
662,ST. GEORGE SCHOOL,4080
663,ST. GEORGE SCHOOL,4080
332,FARADAY SCHOOL,4087
1405,FARADAY SCHOOL,4087
1406,FARADAY SCHOOL,4087
1407,FARADAY SCHOOL,4087
1408,FARADAY SCHOOL,4087
196,GREENWAY SCHOOL,4096
198,GREENWAY SCHOOL,4096
199,GREENWAY SCHOOL,4096
1305,GREENWAY SCHOOL,4096
1309,GREENWAY SCHOOL,4096
1310,GREENWAY SCHOOL,4096
62,RIVER WEST PARK SCHOOL,4106
957,RIVER WEST PARK SCHOOL,4106
958,RIVER WEST PARK SCHOOL,4106
959,RIVER WEST PARK SCHOOL,4106
1118,NIJI MAHKWA SCHOOL,4129
1120,NIJI MAHKWA SCHOOL,4129
1121,NIJI MAHKWA SCHOOL,4129
1122,NIJI MAHKWA SCHOOL,4129
246,STRATHMILLAN SCHOOL,4169
247,STRATHMILLAN SCHOOL,4169
570,STRATHMILLAN SCHOOL,4169
571,STRATHMILLAN SCHOOL,4169
572,STRATHMILLAN SCHOOL,4169
574,STRATHMILLAN SCHOOL,4169
391,WINDSOR SCHOOL,4203
403,WINDSOR SCHOOL,4203
66,RIVER ELM SCHOOL,4237
67,RIVER ELM SCHOOL,4237
967,RIVER ELM SCHOOL,4237
968,RIVER ELM SCHOOL,4237
969,RIVER ELM SCHOOL,4237
970,RIVER ELM SCHOOL,4237
91,PRAIRIE ROSE ELEMENTARY SCHOOL,4333
1058,PRAIRIE ROSE ELEMENTARY SCHOOL,4333
1061,PRAIRIE ROSE ELEMENTARY SCHOOL,4333
1062,PRAIRIE ROSE ELEMENTARY SCHOOL,4333
1063,PRAIRIE ROSE ELEMENTARY SCHOOL,4333
1064,PRAIRIE ROSE ELEMENTARY SCHOOL,4333
1354,GEORGE V SCHOOL,4396
1355,GEORGE V SCHOOL,4396
1356,GEORGE V SCHOOL,4396
1357,GEORGE V SCHOOL,4396
1358,GEORGE V SCHOOL,4396
1359,GEORGE V SCHOOL,4396
59,RIVERBEND COMMUNITY SCHOOL,4463
949,RIVERBEND COMMUNITY SCHOOL,4463
950,RIVERBEND COMMUNITY SCHOOL,4463
951,RIVERBEND COMMUNITY SCHOOL,4463
952,RIVERBEND COMMUNITY SCHOOL,4463
239,VAN WALLEGHEM SCHOOL,4499
556,VAN WALLEGHEM SCHOOL,4499
557,VAN WALLEGHEM SCHOOL,4499
321,GENERAL BYNG SCHOOL,4523
1380,GENERAL BYNG SCHOOL,4523
1381,GENERAL BYNG SCHOOL,4523
1375,GENERAL BYNG SCHOOL,4524
1382,GENERAL BYNG SCHOOL,4524
1383,GENERAL BYNG SCHOOL,4524
95,POLSON SCHOOL,4537
96,POLSON SCHOOL,4537
1071,POLSON SCHOOL,4537
1072,POLSON SCHOOL,4537
1073,POLSON SCHOOL,4537
1074,POLSON SCHOOL,4537
528,WAYOATA SCHOOL,4544
529,WAYOATA SCHOOL,4544
530,WAYOATA SCHOOL,4544
531,WAYOATA SCHOOL,4544
532,WAYOATA SCHOOL,4544
533,WAYOATA SCHOOL,4544
229,WELLINGTON SCHOOL,4556
230,WELLINGTON SCHOOL,4556
511,WELLINGTON SCHOOL,4556
512,WELLINGTON SCHOOL,4556
513,WELLINGTON SCHOOL,4556
514,WELLINGTON SCHOOL,4556
225,WESTGROVE SCHOOL,4586
226,WESTGROVE SCHOOL,4586
504,WESTGROVE SCHOOL,4586
505,WESTGROVE SCHOOL,4586
506,WESTGROVE SCHOOL,4586
796,JOHN PRITCHARD SCHOOL,4603
797,JOHN PRITCHARD SCHOOL,4603
1670,JOHN PRITCHARD SCHOOL,4603
1671,JOHN PRITCHARD SCHOOL,4603
1672,JOHN PRITCHARD SCHOOL,4603
745,CECIL RHODES SCHOOL,4655
1893,CECIL RHODES SCHOOL,4655
1894,CECIL RHODES SCHOOL,4655
1895,CECIL RHODES SCHOOL,4655
1902,CECIL RHODES SCHOOL,4655
1903,CECIL RHODES SCHOOL,4655
114,NIAKWA PLACE SCHOOL,4674
1131,NIAKWA PLACE SCHOOL,4674
1132,NIAKWA PLACE SCHOOL,4674
1133,NIAKWA PLACE SCHOOL,4674
1134,NIAKWA PLACE SCHOOL,4674
1817,GROSVENOR SCHOOL,4687
1818,GROSVENOR SCHOOL,4687
1819,GROSVENOR SCHOOL,4687
1822,GROSVENOR SCHOOL,4687
1823,GROSVENOR SCHOOL,4687
1824,GROSVENOR SCHOOL,4687
1250,LINWOOD SCHOOL,4690
1251,LINWOOD SCHOOL,4690
1252,LINWOOD SCHOOL,4690
1253,LINWOOD SCHOOL,4690
1254,LINWOOD SCHOOL,4690
1255,LINWOOD SCHOOL,4690
72,RADISSON SCHOOL,4707
995,RADISSON SCHOOL,4707
996,RADISSON SCHOOL,4707
999,RADISSON SCHOOL,4707
1000,RADISSON SCHOOL,4707
1001,RADISSON SCHOOL,4707
169,LAURA SECORD SCHOOL,4719
1292,LAURA SECORD SCHOOL,4719
1293,LAURA SECORD SCHOOL,4719
1294,LAURA SECORD SCHOOL,4719
1295,LAURA SECORD SCHOOL,4719
1296,LAURA SECORD SCHOOL,4719
120,MULVEY SCHOOL,4719
121,MULVEY SCHOOL,4719
1148,MULVEY SCHOOL,4719
1149,MULVEY SCHOOL,4719
1150,MULVEY SCHOOL,4719
1151,MULVEY SCHOOL,4719
8,WOLSELEY SCHOOL,4719
207,WOLSELEY SCHOOL,4719
378,WOLSELEY SCHOOL,4719
379,WOLSELEY SCHOOL,4719
380,WOLSELEY SCHOOL,4719
381,WOLSELEY SCHOOL,4719
119,MULVEY SCHOOL,4744
1145,MULVEY SCHOOL,4744
1146,MULVEY SCHOOL,4744
1147,MULVEY SCHOOL,4744
2162,ANGUS MCKAY SCHOOL,4747
2163,ANGUS MCKAY SCHOOL,4747
2164,ANGUS MCKAY SCHOOL,4747
2165,ANGUS MCKAY SCHOOL,4747
746,CECIL RHODES SCHOOL,4754
1886,CECIL RHODES SCHOOL,4754
1899,CECIL RHODES SCHOOL,4754
1900,CECIL RHODES SCHOOL,4754
1901,CECIL RHODES SCHOOL,4754
2040,CECIL RHODES SCHOOL,4754
